<?xml version="1.0" encoding="utf-8" ?>
<dwsync>
<file name="_animated.scss" server="collegemitra.com" local="132214050276305233" remote="131572314000000000" Dst="0" />
<file name="_bordered-pulled.scss" server="collegemitra.com" local="132214050277402288" remote="131572314000000000" Dst="0" />
<file name="_core.scss" server="collegemitra.com" local="132214050278648963" remote="131572314000000000" Dst="0" />
<file name="_fixed-width.scss" server="collegemitra.com" local="132214050279267302" remote="131572314000000000" Dst="0" />
<file name="_larger.scss" server="collegemitra.com" local="132214050280773280" remote="131572314000000000" Dst="0" />
<file name="_icons.scss" server="collegemitra.com" local="132214050282029917" remote="131572314000000000" Dst="0" />
<file name="_list.scss" server="collegemitra.com" local="132214050282757994" remote="131572314000000000" Dst="0" />
<file name="_mixins.scss" server="collegemitra.com" local="132214050283815169" remote="131572314000000000" Dst="0" />
<file name="_path.scss" server="collegemitra.com" local="132214050284243996" remote="131572314000000000" Dst="0" />
<file name="_rotated-flipped.scss" server="collegemitra.com" local="132214050285430834" remote="131572314000000000" Dst="0" />
<file name="_screen-reader.scss" server="collegemitra.com" local="132214050286079096" remote="131572314000000000" Dst="0" />
<file name="_stacked.scss" server="collegemitra.com" local="132214050287206083" remote="131572314000000000" Dst="0" />
<file name="_variables.scss" server="collegemitra.com" local="132214050287894239" remote="131572314000000000" Dst="0" />
<file name="font-awesome.scss" server="collegemitra.com" local="132214050289091039" remote="131572314000000000" Dst="0" />
</dwsync>