<?xml version="1.0" encoding="utf-8" ?>
<dwsync>
<file name="bootstrapValidator.js" server="D:/Dropbox/www/collegemitra/" local="130562285860000000" remote="130562285860000000" Dst="0" />
<file name="autosearch.js" server="D:/Dropbox/www/collegemitra/" local="130620707210000000" remote="130620707210000000" Dst="0" />
<file name="jquery-1.11.0.js" server="D:/Dropbox/www/collegemitra/" local="130467934380000000" remote="130467934380000000" Dst="0" />
<file name="bootstrap.min.js" server="D:/Dropbox/www/collegemitra/" local="130482809260000000" remote="130482809260000000" Dst="0" />
<file name="bootstrapValidator.js" server="C:/Users/anuveester/Dropbox/www/collegemitra/" local="130562285860000000" remote="130562285860000000" Dst="0" />
<file name="autosearch.js" server="C:/Users/anuveester/Dropbox/www/collegemitra/" local="130620707210000000" remote="130620707210000000" Dst="0" />
<file name="jquery-1.11.0.js" server="C:/Users/anuveester/Dropbox/www/collegemitra/" local="130467934380000000" remote="130467934380000000" Dst="0" />
<file name="bootstrap.min.js" server="C:/Users/anuveester/Dropbox/www/collegemitra/" local="130482809260000000" remote="130482809260000000" Dst="0" />
<file name="bootstrapValidator.js" server="ftp.collegemitra.com" local="130669434000000000" remote="130669434000000000" Dst="0" />
<file name="popup.js" server="ftp.collegemitra.com" local="130669434000000000" remote="130669434000000000" Dst="0" />
<file name="autosearch.js" server="ftp.collegemitra.com" local="130669434000000000" remote="130669434000000000" Dst="0" />
<file name="jquery-1.11.0.js" server="ftp.collegemitra.com" local="130669434000000000" remote="130669434000000000" Dst="0" />
<file name="bootstrap.min.js" server="ftp.collegemitra.com" local="130669434000000000" remote="130669434000000000" Dst="0" />
<file name="autosearch.js" server="collegemitra.com" local="132214050450985860" remote="132611118600000000" Dst="0" />
<file name="bootstrapValidator.js" server="collegemitra.com" local="130669434000000000" remote="132611118600000000" Dst="0" />
<file name="popup.js" server="collegemitra.com" local="130548208940000000" remote="132611118600000000" Dst="0" />
<file name="bootstrap.min.js" server="collegemitra.com" local="130669434000000000" remote="132611118600000000" Dst="0" />
<file name="jquery-1.11.0.js" server="collegemitra.com" local="130467934380000000" remote="132611118600000000" Dst="0" />
<file name="autosearch.js" server="gyan.collegemitra.com" local="131502997863371541" remote="132190736400000000" Dst="0" />
<file name="bootstrapValidator.js" server="gyan.collegemitra.com" local="130669434000000000" remote="132190736400000000" Dst="0" />
<file name="popup.js" server="gyan.collegemitra.com" local="130548208940000000" remote="132190736400000000" Dst="0" />
<file name="jquery-1.11.0.js" server="gyan.collegemitra.com" local="130467934380000000" remote="132190736400000000" Dst="0" />
<file name="bootstrap.min.js" server="gyan.collegemitra.com" local="130669434000000000" remote="132190736400000000" Dst="0" />
<file name="App.js" server="collegemitra.com" local="132214050449809004" remote="131572314000000000" Dst="0" />
<file name="jQueryRotate.js" server="collegemitra.com" local="132214050467830812" remote="131572314000000000" Dst="0" />
<file name="bootstrap.js" server="collegemitra.com" local="132214050468748349" remote="131572314000000000" Dst="0" />
<file name="jquery-1.10.1.min.js" server="collegemitra.com" local="132214050471870018" remote="131572314000000000" Dst="0" />
<file name="jquery-1.10.2.min.js" server="collegemitra.com" local="132214050473635311" remote="131572314000000000" Dst="0" />
<file name="jquery-1.8.3.min.js" server="collegemitra.com" local="132214050478980984" remote="131572314000000000" Dst="0" />
<file name="jquery-1.7.2.js" server="collegemitra.com" local="132214050479739112" remote="131572314000000000" Dst="0" />
<file name="jquery-1.9.0.min.js" server="collegemitra.com" local="132214050484645839" remote="131572314000000000" Dst="0" />
<file name="jquery-ui-1.9.2.custom.min.js" server="collegemitra.com" local="132214050485244238" remote="131572314000000000" Dst="0" />
<file name="jquery.easing.1.3.js" server="collegemitra.com" local="132214050487388513" remote="131572314000000000" Dst="0" />
<file name="jquery.form.js" server="collegemitra.com" local="132214050488585314" remote="131572314000000000" Dst="0" />
<file name="jquery.js" server="collegemitra.com" local="132214050490859225" remote="131572314000000000" Dst="0" />
<file name="jquery.min.js" server="collegemitra.com" local="132214050492036079" remote="131572314000000000" Dst="0" />
<file name="menu-effects.js" server="collegemitra.com" local="132214050494579278" remote="131572314000000000" Dst="0" />
<file name="jquery.skitter.min.js" server="collegemitra.com" local="132214050494998161" remote="131572314000000000" Dst="0" />
<file name="search_filter.js" server="collegemitra.com" local="132214050494808668" remote="131572314000000000" Dst="0" />
<file name="tabs-addon.js" server="collegemitra.com" local="132214050503674959" remote="131572314000000000" Dst="0" />
</dwsync>