<?xml version="1.0" encoding="utf-8" ?>
<dwsync>
<file name="bootstrap.min.css" server="D:/Dropbox/www/collegemitra/" local="130588233580000000" remote="130588233580000000" Dst="0" />
<file name="bootstrap-responsive.min.css" server="D:/Dropbox/www/collegemitra/" local="130588228810000000" remote="130588228810000000" Dst="0" />
<file name="landing-page.css" server="D:/Dropbox/www/collegemitra/" local="130593168290000000" remote="130593168290000000" Dst="0" />
<file name="bootstrap.min.css" server="C:/Users/anuveester/Dropbox/www/collegemitra/" local="130588233580000000" remote="130588233580000000" Dst="0" />
<file name="bootstrap-responsive.min.css" server="C:/Users/anuveester/Dropbox/www/collegemitra/" local="130588228810000000" remote="130588228810000000" Dst="0" />
<file name="landing-page.css" server="C:/Users/anuveester/Dropbox/www/collegemitra/" local="130593168290000000" remote="130593168290000000" Dst="0" />
<file name="bootstrap.min.css" server="ftp.collegemitra.com" local="130633146000000000" remote="130633146000000000" Dst="0" />
<file name="bootstrap-responsive.min.css" server="ftp.collegemitra.com" local="130633146000000000" remote="130633146000000000" Dst="0" />
<file name="landing-page.css" server="ftp.collegemitra.com" local="130633146000000000" remote="130633146000000000" Dst="0" />
<file name="bootstrap-responsive.min.css" server="collegemitra.com" local="130588228810000000" remote="132611118600000000" Dst="0" />
<file name="landing-page.css" server="collegemitra.com" local="132189657350000000" remote="132611118600000000" Dst="0" />
<file name="bootstrap.min.css" server="collegemitra.com" local="132611531491401348" remote="132611333400000000" Dst="0" />
<file name="bootstrap-responsive.min.css" server="gyan.collegemitra.com" local="130588228810000000" remote="132190736400000000" Dst="0" />
<file name="landing-page.css" server="gyan.collegemitra.com" local="132189657359736687" remote="132190736400000000" Dst="0" />
<file name="bootstrap.min.css" server="gyan.collegemitra.com" local="130588233580000000" remote="132190736400000000" Dst="0" />
<file name="bootstrap-responsive.css" server="collegemitra.com" local="132214050128469848" remote="131572314000000000" Dst="0" />
<file name="animate.min.css" server="collegemitra.com" local="132214050129297632" remote="131572314000000000" Dst="0" />
<file name="bootstrapValidator.css" server="collegemitra.com" local="132214050130095504" remote="131572314000000000" Dst="0" />
<file name="bootstrap.css" server="collegemitra.com" local="132214050131092838" remote="131572314000000000" Dst="0" />
<file name="ddaccordion.js" server="collegemitra.com" local="132214050131711173" remote="131572314000000000" Dst="0" />
<file name="dropzone.css" server="collegemitra.com" local="132214050132110131" remote="131572314000000000" Dst="0" />
<file name="font-awesome.min.css" server="collegemitra.com" local="132214050133306913" remote="131572314000000000" Dst="0" />
<file name="jquery-ui-1.8.2.custom.css" server="collegemitra.com" local="132214050134344147" remote="131572314000000000" Dst="0" />
<file name="jquery.css" server="collegemitra.com" local="132214050136558227" remote="131572314000000000" Dst="0" />
<file name="main.css" server="collegemitra.com" local="132214050138044244" remote="131572314000000000" Dst="0" />
<file name="prettyPhoto.css" server="collegemitra.com" local="132214050138632682" remote="131572314000000000" Dst="0" />
<file name="preview.min.css" server="collegemitra.com" local="132214050139280934" remote="131572314000000000" Dst="0" />
<file name="responsive.css" server="collegemitra.com" local="132214050140258329" remote="131572314000000000" Dst="0" />
<file name="skitter.styles.css" server="collegemitra.com" local="132214050140477738" remote="131572314000000000" Dst="0" />
<file name="style.css" server="collegemitra.com" local="132214050140886645" remote="131572314000000000" Dst="0" />
<file name="style_live_search.css" server="collegemitra.com" local="132214050141923873" remote="131572314000000000" Dst="0" />
<file name="styles.css" server="collegemitra.com" local="132214050142153259" remote="131572314000000000" Dst="0" />
<file name="target-admin.css" server="collegemitra.com" local="132214050144058167" remote="131572314000000000" Dst="0" />
<file name="rate.css" server="collegemitra.com" local="132220125589239710" remote="132611377800000000" Dst="0" />
</dwsync>