<?xml version="1.0" encoding="utf-8" ?>
<dwsync>
<file name="home.png" server="collegemitra.com" local="132214050354652507" remote="131572314000000000" Dst="0" />
<file name="book.png" server="collegemitra.com" local="132214050354712345" remote="131572314000000000" Dst="0" />
<file name="kwrite.png" server="collegemitra.com" local="132214050355969349" remote="131572314000000000" Dst="0" />
<file name="labs.png" server="collegemitra.com" local="132214050356338356" remote="131572314000000000" Dst="0" />
<file name="profile.png" server="collegemitra.com" local="132214050357674782" remote="131572314000000000" Dst="0" />
<file name="project.png" server="collegemitra.com" local="132214050357834353" remote="131572314000000000" Dst="0" />
<file name="school.png" server="collegemitra.com" local="132214050359619581" remote="131572314000000000" Dst="0" />
<file name="search (2).png" server="collegemitra.com" local="132214050359679417" remote="131572314000000000" Dst="0" />
<file name="search.png" server="collegemitra.com" local="132214050361374887" remote="131572314000000000" Dst="0" />
</dwsync>