<?xml version="1.0" encoding="utf-8" ?>
<dwsync>
<file name="animated.less" server="collegemitra.com" local="132214050261454951" remote="131572314000000000" Dst="0" />
<file name="bordered-pulled.less" server="collegemitra.com" local="132214050261943753" remote="131572314000000000" Dst="0" />
<file name="core.less" server="collegemitra.com" local="132214050263459588" remote="131572314000000000" Dst="0" />
<file name="fixed-width.less" server="collegemitra.com" local="132214050264227529" remote="131572314000000000" Dst="0" />
<file name="font-awesome.less" server="collegemitra.com" local="132214050265224891" remote="131572314000000000" Dst="0" />
<file name="larger.less" server="collegemitra.com" local="132214050266860485" remote="131572314000000000" Dst="0" />
<file name="icons.less" server="collegemitra.com" local="132214050266940608" remote="131572314000000000" Dst="0" />
<file name="list.less" server="collegemitra.com" local="132214050268396383" remote="131572314000000000" Dst="0" />
<file name="mixins.less" server="collegemitra.com" local="132214050269254092" remote="131572314000000000" Dst="0" />
<file name="path.less" server="collegemitra.com" local="132214050270161671" remote="131572314000000000" Dst="0" />
<file name="rotated-flipped.less" server="collegemitra.com" local="132214050271777379" remote="131572314000000000" Dst="0" />
<file name="screen-reader.less" server="collegemitra.com" local="132214050272565235" remote="131572314000000000" Dst="0" />
<file name="stacked.less" server="collegemitra.com" local="132214050273702191" remote="131572314000000000" Dst="0" />
<file name="variables.less" server="collegemitra.com" local="132214050275168275" remote="131572314000000000" Dst="0" />
</dwsync>