<?xml version="1.0" encoding="utf-8" ?>
<dwsync>
<file name="favicon.ico" server="D:/Dropbox/www/collegemitra/" local="130278859380000000" remote="130278859380000000" Dst="0" />
<file name="favicon.ico" server="C:/Users/anuveester/Dropbox/www/collegemitra/" local="130278859380000000" remote="130278859380000000" Dst="0" />
<file name="favicon.ico" server="ftp.collegemitra.com" local="130633146000000000" remote="130633146000000000" Dst="0" />
<file name="favicon.ico" server="collegemitra.com" local="130278859380000000" remote="132611118600000000" Dst="0" />
<file name="favicon.ico" server="gyan.collegemitra.com" local="130278859380000000" remote="132190736400000000" Dst="0" />
<file name="1tick.png" server="collegemitra.com" local="132214050296920457" remote="131572314000000000" Dst="0" />
<file name="back.png" server="collegemitra.com" local="132214050338665261" remote="131572314000000000" Dst="0" />
<file name="blue_line.jpg" server="collegemitra.com" local="132214050340430540" remote="131572314000000000" Dst="0" />
<file name="bg.png" server="collegemitra.com" local="132214050340649950" remote="131572314000000000" Dst="0" />
<file name="cros.png" server="collegemitra.com" local="132214050342405262" remote="131572314000000000" Dst="0" />
<file name="commingsoon.jpg" server="collegemitra.com" local="132214050342544888" remote="131572314000000000" Dst="0" />
<file name="female.png" server="collegemitra.com" local="132214050353156537" remote="131572314000000000" Dst="0" />
<file name="images.png" server="collegemitra.com" local="132214050361305073" remote="131572314000000000" Dst="0" />
<file name="loader.gif" server="collegemitra.com" local="132214050363439370" remote="131572314000000000" Dst="0" />
<file name="list.png" server="collegemitra.com" local="132214050363758892" remote="131572314000000000" Dst="0" />
<file name="logo.png" server="collegemitra.com" local="132214050365224594" remote="131572314000000000" Dst="0" />
<file name="logos.png" server="collegemitra.com" local="132214050365553745" remote="131572314000000000" Dst="0" />
<file name="main_logo.png" server="collegemitra.com" local="132214050367458636" remote="131572314000000000" Dst="0" />
<file name="na.png" server="collegemitra.com" local="132214050369014462" remote="132205263600000000" Dst="0" />
<file name="male.png" server="collegemitra.com" local="132214050369044389" remote="131572314000000000" Dst="0" />
<file name="point.png" server="collegemitra.com" local="132214050370480561" remote="132203253600000000" Dst="0" />
<file name="smartnotessmatstudies copy.png" server="collegemitra.com" local="132214050378638712" remote="131572314000000000" Dst="0" />
<file name="unblaboratory.jpg" server="collegemitra.com" local="132214050380842911" remote="131572314000000000" Dst="0" />
<file name="wta.png" server="collegemitra.com" local="132214050385500449" remote="132202866000000000" Dst="0" />
<file name="2.png" server="collegemitra.com" local="132215642990780089" remote="132611121600000000" Dst="0" />
<file name="1.png" server="collegemitra.com" local="132215641622898011" remote="132611121600000000" Dst="0" />
<file name="3.png" server="collegemitra.com" local="132215638272613856" remote="132611121600000000" Dst="0" />
</dwsync>