<?xml version="1.0" encoding="utf-8" ?>
<dwsync>
<file name="develop_php_library.php" server="D:/Dropbox/www/collegemitra/" local="130511296550000000" remote="130511296550000000" Dst="0" />
<file name="registrationform.php" server="D:/Dropbox/www/collegemitra/" local="131412927350000000" remote="131412927350000000" Dst="0" />
<file name="landingbanner.php" server="D:/Dropbox/www/collegemitra/" local="130687085670000000" remote="130687085670000000" Dst="0" />
<file name="landingfooter.php" server="D:/Dropbox/www/collegemitra/" local="131137215340000000" remote="131137215340000000" Dst="0" />
<file name="session.php" server="C:/Users/anuveester/Dropbox/www/collegemitra/" local="130690656830000000" remote="130690656830000000" Dst="0" />
<file name="develop_php_library.php" server="C:/Users/anuveester/Dropbox/www/collegemitra/" local="130511296550000000" remote="130511296550000000" Dst="0" />
<file name="registrationform.php" server="C:/Users/anuveester/Dropbox/www/collegemitra/" local="131412927359674070" remote="131412927350000000" Dst="0" />
<file name="landingbanner.php" server="C:/Users/anuveester/Dropbox/www/collegemitra/" local="130687085670000000" remote="130687085670000000" Dst="0" />
<file name="landingfooter.php" server="C:/Users/anuveester/Dropbox/www/collegemitra/" local="131137215340000000" remote="131137215340000000" Dst="0" />
<file name="develop_php_library.php" server="ftp.collegemitra.com" local="130633146000000000" remote="130633146000000000" Dst="0" />
<file name="registrationform.php" server="ftp.collegemitra.com" local="130633146000000000" remote="130633146000000000" Dst="0" />
<file name="landingbanner.php" server="ftp.collegemitra.com" local="130687085670000000" remote="130686714000000000" Dst="0" />
<file name="landingfooter.php" server="ftp.collegemitra.com" local="131137215340000000" remote="131136858000000000" Dst="0" />
<file name="ip.php" server="collegemitra.com" local="132245792828986499" remote="132611118600000000" Dst="0" />
<file name="time_ago.php" server="collegemitra.com" local="131484130250000000" remote="132611118600000000" Dst="0" />
<file name="analyticstracking.php" server="collegemitra.com" local="132187053630000000" remote="132611118600000000" Dst="0" />
<file name="landingfooter.php" server="collegemitra.com" local="132611554099357456" remote="132611436000000000" Dst="0" />
<file name="ip.php" server="gyan.collegemitra.com" local="131486310697266028" remote="132190736400000000" Dst="0" />
<file name="analyticstracking.php" server="gyan.collegemitra.com" local="132187053635282143" remote="132190736400000000" Dst="0" />
<file name="landingfooter.php" server="gyan.collegemitra.com" local="131467461198743788" remote="132190736400000000" Dst="0" />
<file name="develop_php_library.php" server="collegemitra.com" local="132214050408947665" remote="131572314000000000" Dst="0" />
<file name="friends_activity.php" server="collegemitra.com" local="132221212032611811" remote="132221013600000000" Dst="0" />
<file name="checker.php" server="collegemitra.com" local="132214050412877158" remote="131572314000000000" Dst="0" />
<file name="landingbanner.php" server="collegemitra.com" local="131473881340000000" remote="132611118600000000" Dst="0" />
<file name="quiz.php" server="collegemitra.com" local="132214050441052431" remote="132611118600000000" Dst="0" />
<file name="registration.php" server="collegemitra.com" local="132214050441910124" remote="131572314000000000" Dst="0" />
<file name="registrationform.php" server="collegemitra.com" local="132214050442757868" remote="132611118600000000" Dst="0" />
<file name="session.php" server="collegemitra.com" local="132611671328230743" remote="132611473200000000" Dst="0" />
<file name="test.php" server="collegemitra.com" local="132214050444682721" remote="131572314000000000" Dst="0" />
<file name="winner_list.php" server="collegemitra.com" local="132611324311714618" remote="132611125800000000" Dst="0" />
<file name="winner_prize.php" server="collegemitra.com" local="132611664463708436" remote="132611485200000000" Dst="0" />
</dwsync>