<?xml version="1.0" encoding="utf-8" ?>
<dwsync>
<file name="ui-anim_basic_16x16.gif" server="collegemitra.com" local="132214050419769516" remote="131572314000000000" Dst="0" />
<file name="ui-bg_flat_0_aaaaaa_40x100.png" server="collegemitra.com" local="132214050420806571" remote="131572314000000000" Dst="0" />
<file name="ui-bg_flat_75_ffffff_40x100.png" server="collegemitra.com" local="132214050421544595" remote="131572314000000000" Dst="0" />
<file name="ui-bg_glass_55_fbf9ee_1x400.png" server="collegemitra.com" local="132214050422222777" remote="131572314000000000" Dst="0" />
<file name="ui-bg_glass_65_ffffff_1x400.png" server="collegemitra.com" local="132214050423140321" remote="131572314000000000" Dst="0" />
<file name="ui-bg_glass_75_dadada_1x400.png" server="collegemitra.com" local="132214050423808655" remote="131572314000000000" Dst="0" />
<file name="ui-bg_glass_75_e6e6e6_1x400.png" server="collegemitra.com" local="132214050425254808" remote="131572314000000000" Dst="0" />
<file name="ui-bg_glass_95_fef1ec_1x400.png" server="collegemitra.com" local="132214050426122347" remote="131572314000000000" Dst="0" />
<file name="ui-bg_highlight-soft_75_cccccc_1x100.png" server="collegemitra.com" local="132214050426680853" remote="131572314000000000" Dst="0" />
<file name="ui-icons_222222_256x240.png" server="collegemitra.com" local="132214050427827789" remote="131572314000000000" Dst="0" />
<file name="ui-icons_2e83ff_256x240.png" server="collegemitra.com" local="132214050428136964" remote="131572314000000000" Dst="0" />
<file name="ui-icons_454545_256x240.png" server="collegemitra.com" local="132214050429313819" remote="131572314000000000" Dst="0" />
<file name="ui-icons_888888_256x240.png" server="collegemitra.com" local="132214050429593074" remote="131572314000000000" Dst="0" />
<file name="ui-icons_cd0a0a_256x240.png" server="collegemitra.com" local="132214050431168851" remote="131572314000000000" Dst="0" />
</dwsync>