<?xml version="1.0" encoding="utf-8" ?>
<dwsync>
<file name="intro-bg.jpg" server="D:/Dropbox/www/collegemitra/" local="130335194640000000" remote="130335194640000000" Dst="0" />
<file name="banner-bg.jpg" server="D:/Dropbox/www/collegemitra/" local="130335609920000000" remote="130335609920000000" Dst="0" />
<file name="logo.png" server="D:/Dropbox/www/collegemitra/" local="130585095200000000" remote="130585095200000000" Dst="0" />
<file name="logos.png" server="D:/Dropbox/www/collegemitra/" local="130592124760000000" remote="130592124760000000" Dst="0" />
<file name="smartnotessmatstudies copy.png" server="D:/Dropbox/www/collegemitra/" local="130592123620000000" remote="130592123620000000" Dst="0" />
<file name="intro-bg.jpg" server="C:/Users/anuveester/Dropbox/www/collegemitra/" local="130335194640000000" remote="130335194640000000" Dst="0" />
<file name="banner-bg.jpg" server="C:/Users/anuveester/Dropbox/www/collegemitra/" local="130335609920000000" remote="130335609920000000" Dst="0" />
<file name="logo.png" server="C:/Users/anuveester/Dropbox/www/collegemitra/" local="130585095200000000" remote="130585095200000000" Dst="0" />
<file name="logos.png" server="C:/Users/anuveester/Dropbox/www/collegemitra/" local="130592124760000000" remote="130592124760000000" Dst="0" />
<file name="smartnotessmatstudies copy.png" server="C:/Users/anuveester/Dropbox/www/collegemitra/" local="130592123620000000" remote="130592123620000000" Dst="0" />
<file name="intro-bg.jpg" server="ftp.collegemitra.com" local="130633146000000000" remote="130633146000000000" Dst="0" />
<file name="0.jpg" server="ftp.collegemitra.com" local="130633146000000000" remote="130633146000000000" Dst="0" />
<file name="banner-bg.jpg" server="ftp.collegemitra.com" local="130633146000000000" remote="130633146000000000" Dst="0" />
<file name="logo.png" server="ftp.collegemitra.com" local="130633146000000000" remote="130633146000000000" Dst="0" />
<file name="logos.png" server="ftp.collegemitra.com" local="130633146000000000" remote="130633146000000000" Dst="0" />
<file name="smartnotessmatstudies copy.png" server="ftp.collegemitra.com" local="130633146000000000" remote="130633146000000000" Dst="0" />
<file name="banner-bg.jpg" server="collegemitra.com" local="130335609920000000" remote="132611118600000000" Dst="0" />
<file name="intro-bg.jpg" server="collegemitra.com" local="130335194640000000" remote="132611118600000000" Dst="0" />
<file name="0.jpg" server="collegemitra.com" local="130633146000000000" remote="132611118600000000" Dst="0" />
<file name="logo.png" server="collegemitra.com" local="130585095200000000" remote="132611436000000000" Dst="0" />
<file name="quiz.png" server="collegemitra.com" local="132188990830000000" remote="132611118600000000" Dst="0" />
<file name="intro-bg.jpg" server="gyan.collegemitra.com" local="130335194640000000" remote="132190736400000000" Dst="0" />
<file name="quiz.png" server="gyan.collegemitra.com" local="132188990834739341" remote="132190736400000000" Dst="0" />
<file name="0.jpg" server="gyan.collegemitra.com" local="130633146000000000" remote="132190736400000000" Dst="0" />
<file name="banner-bg.jpg" server="gyan.collegemitra.com" local="130335609920000000" remote="132190736400000000" Dst="0" />
<file name="logo.png" server="gyan.collegemitra.com" local="130585095200000000" remote="132190736400000000" Dst="0" />
<file name="404.png" server="collegemitra.com" local="132214050390177857" remote="131572314000000000" Dst="0" />
<file name="2014.pdf" server="collegemitra.com" local="132214050391135300" remote="131572314000000000" Dst="0" />
<file name="728.GIF" server="collegemitra.com" local="132214050392072785" remote="131572314000000000" Dst="0" />
<file name="demo.jpg" server="collegemitra.com" local="132214050395762934" remote="132221043000000000" Dst="0" />
<file name="favicon.ico" server="collegemitra.com" local="132214050397867396" remote="132221022600000000" Dst="0" />
<file name="logo1.png" server="collegemitra.com" local="132214050400300783" remote="131572314000000000" Dst="0" />
<file name="demo.png" server="collegemitra.com" local="132214050400360632" remote="131572314000000000" Dst="0" />
<file name="logos.png" server="collegemitra.com" local="130592124760000000" remote="132611118600000000" Dst="0" />
<file name="logo3.png" server="collegemitra.com" local="132214050402245641" remote="131572314000000000" Dst="0" />
<file name="smartnotessmatstudies copy.png" server="collegemitra.com" local="132214050404569370" remote="131572314000000000" Dst="0" />
<file name="rate-btn.png" server="collegemitra.com" local="130263772340000000" remote="132611377800000000" Dst="0" />
<file name="rate-btn2-hover.png" server="collegemitra.com" local="130265253770000000" remote="132611377800000000" Dst="0" />
<file name="rate-btn-hover.png" server="collegemitra.com" local="130263773230000000" remote="132611377800000000" Dst="0" />
<file name="rate-btn2.png" server="collegemitra.com" local="130265253170000000" remote="132611433000000000" Dst="0" />
<file name="rate-btn3.png" server="collegemitra.com" local="130265256200000000" remote="132611377800000000" Dst="0" />
<file name="rate-btn3-hover.png" server="collegemitra.com" local="130265256100000000" remote="132611377800000000" Dst="0" />
<file name="rate-stars.png" server="collegemitra.com" local="130265304350000000" remote="132611377800000000" Dst="0" />
</dwsync>